"site_name","percent_survival","temp10","temp90","temp_st_dev","sal10","sal90","sal_st_dev","ho","avg_expected_hs","ar"
"W2-LA",3.822,13.2,30.7,6.691385901,3,18,5.582166837,0.419618986823175,0.30156614899435,2.39787857393932
"W1-TX",3.844,13.8,30.5,6.385486691,5.9,36.7,11.66413094,0.419839177949065,0.302033225987785,2.40545175643359
"W6-ME",0.419,7.563,21.5,5.22149722,26.29,31.48,2.277877961,0.376451785016721,0.278442058176205,2.31363250161347
"W5-NH",2.639,7.2,24.2,6.449615505,5.9,28.6,8.320938367,0.390086543060491,0.287287106148232,2.38685531927526
"W4-VA",3.344,7.5,29.5,8.488798068,0.1,7,2.701416475,0.393744104728603,0.294250361576646,2.46206251639253
"W3-FL",2.4,14.559,29.279,5.707664316,27.85066428,35.97585067,3.715396855,0.393044770715626,0.291400859399564,2.43088207519345
"S1-LOLA",2.028,7.2,28.2,7.857653196,8.7,16.6,2.867123523,0.410116929790295,0.297894389130787,2.38590892324612
"S2-DEBY",1.594,6.53,27.49,8.075056458,15.81,22.39,2.560148766,0.399172041883819,0.292059159465305,2.36783344682234
