"site_name","percent_survival","Mean_Annual_Temperature_C","Mean_max_temperature_C","Mean_min_temperature_C","Mean_Annual_Salinity_ppt","Mean_max_Salinity_ppt","Mean_min_Salinity_ppt","avg_observed_ho","avg_expected_hs","avg_allelic_richness"
"W2-LA",3.822,22.8635853411622,33.16875,7.3125,10.464868596882,25.75,0.96875,0.419618986823175,0.30156614899435,2.39787857393932
"W1-TX",3.844,23.1054088188906,32.0176470588235,7.98823529411765,20.8578965409594,30.2235294117647,6.36470588235294,0.419839177949065,0.302033225987785,2.40545175643359
"W6-ME",0.419,15.3288717032758,23.46,4.02142857142857,29.4782830432469,31.5042857142857,8.74142857142857,0.376451785016721,0.278442058176205,2.31363250161347
"W5-NH",2.639,16.7170932303351,27.162962962963,2.54814814814815,18.6413907070333,30.0444444444444,1.14444444444444,0.390086543060491,0.287287106148232,2.38685531927526
"W4-VA",3.344,18.5346352267756,26.8416666666667,1.75833333333333,15.2082260828351,22.1833333333333,12.5416666666667,0.393744104728603,0.294250361576646,2.46206251639253
"W3-FL",2.4,22.1556673008222,30.6387,10.38665,32.3522536547562,37.2042051805,15.4224441766,0.393044770715626,0.291400859399564,2.43088207519345
"S1-LOLA",2.028,16.9039561007101,24.8645,3.4065,13.837441457832,16.875,9.99,0.410116929790295,0.297894389130787,2.38590892324612
"S2-DEBY",1.594,17.1242424156129,30.1437727272727,3.54609090909091,19.3391307162995,24.1890909090909,12.9063636363636,0.399172041883819,0.292059159465305,2.36783344682234
