Population,avg_observed_ho,avg_expected_hs,avg_allelic_richness
W1-TX,0.4591776875056782,0.3144668180815308,2.4032588804817596
W2-LA,0.4594729464899847,0.31446046644430387,2.3989240892395998
W3-FL,0.3727735525820432,0.27380704403576894,2.3892357010291487
W4-VA,0.37948436749684944,0.28254234532972006,2.4529856848061495
S1-LOLA,0.4424530505768901,0.31569127006787695,2.452356231586876
S2-DEBY,0.4049619732385138,0.29653510207524897,2.4199945490649197
W5-NH,0.3705941519253424,0.2702418768088684,2.3381202060972437
W6-ME,0.3579729659575928,0.2640644891046145,2.279029473984746
