"","W1-TX","W2-LA","W3-FL","S1-LOLA","S2-DEBY","W4-VA","W5-NH","W6-ME"
"W1-TX",0,14.0023376913903,18.3053893209513,20.8097757275576,15.0421548099549,17.4918133194021,11.7195993137142,17.9024164965336
"W2-LA",14.0023376913903,0,28.9822523941883,17.3450764409982,17.0592820562481,16.4408918441508,13.7635669942713,25.0993635416291
"W3-FL",18.3053893209513,28.9822523941883,0,30.0204686904767,20.5999468724622,25.2702037302638,23.8321959223209,15.0446832198212
"S1-LOLA",20.8097757275576,17.3450764409982,30.0204686904767,0,10.9663167290512,6.79223250307443,17.7215369778339,21.7434900693381
"S2-DEBY",15.0421548099549,17.0592820562481,20.5999468724622,10.9663167290512,0,6.12378711061627,14.7983180333773,15.1659409840496
"W4-VA",17.4918133194021,16.4408918441508,25.2702037302638,6.79223250307443,6.12378711061627,0,15.5964089509374,18.5106811732945
"W5-NH",11.7195993137142,13.7635669942713,23.8321959223209,17.7215369778339,14.7983180333773,15.5964089509374,0,15.2682649165501
"W6-ME",17.9024164965336,25.0993635416291,15.0446832198212,21.7434900693381,15.1659409840496,18.5106811732945,15.2682649165501,0
