"","site_name","Mean_max_temperature_C","Mean_min_temperature_C","Mean_max_Salinity_ppt","Mean_min_Salinity_ppt"
"1","W1-TX",32.0176470588235,7.98823529411765,30.2235294117647,6.36470588235294
"2","W2-LA",33.16875,7.3125,25.75,0.96875
"3","W3-FL",30.6387,10.38665,37.2042051805,15.4224441766
"4","S1-LOLA",24.8645,3.4065,16.875,9.99
"5","S2-DEBY",30.1437727272727,3.54609090909091,24.1890909090909,12.9063636363636
"6","W4-VA",26.8416666666667,1.75833333333333,22.1833333333333,12.5416666666667
"7","W5-NH",27.162962962963,2.54814814814815,30.0444444444444,1.14444444444444
"8","W6-ME",23.46,4.02142857142857,31.5042857142857,8.74142857142857
