,DEBY,LOLA,JR,TX,LA,FL,NH,ME
DEBY,0,10.9663167290512,6.12378711061627,15.0421548099549,17.0592820562481,20.5999468724622,14.7983180333773,15.1659409840496
LOLA,10.9663167290512,0,6.79223250307443,20.8097757275576,17.3450764409982,30.0204686904767,17.7215369778339,21.7434900693381
JR,6.12378711061627,6.79223250307443,0,17.4918133194021,16.4408918441508,25.2702037302638,15.5964089509374,18.5106811732945
TX,15.0421548099549,20.8097757275576,17.4918133194021,0,14.0023376913903,18.3053893209513,11.7195993137142,17.9024164965336
LA,17.0592820562481,17.3450764409982,16.4408918441508,14.0023376913903,0,28.9822523941883,13.7635669942713,25.0993635416291
FL,20.5999468724622,30.0204686904767,25.2702037302638,18.3053893209513,28.9822523941883,0,23.8321959223209,15.0446832198212
NH,14.7983180333773,17.7215369778339,15.5964089509374,11.7195993137142,13.7635669942713,23.8321959223209,0,15.2682649165501
ME,15.1659409840496,21.7434900693381,18.5106811732945,17.9024164965336,25.0993635416291,15.0446832198212,15.2682649165501,0