"","month","Mean_Temperature","Mean_min_Temperature","Mean_max_Temperature"
"1",1,5.57914768552535,0.513,9.139
"2",2,7.17411314655172,5.593,10.061
"3",3,10.7185604173679,7.909,14.179
"4",4,14.83845686343,10.643,20
"5",5,20.4430829793068,16.2,24.3
"6",6,24.4187835737464,20.95,28.4
"7",7,28.3455908444023,24.65,31.2
"8",8,27.5913259000978,24.6,30.65
"9",9,24.1798042843762,20.75,28.85
"10",10,18.9150949218397,14.9,23.55
"11",11,13.2652796712786,7.65,17.8
"12",12,7.37824941831571,4.9,9.8
