"","month","Mean_Temperature","Mean_min_Temperature","Mean_max_Temperature"
"1",3,5.41222764603503,1.775,14.73
"2",4,8.52473612419934,5.7375,14.5275
"3",5,13.3339482526882,8.9025,18.425
"4",6,17.9424703097921,14.618,22.294
"5",7,20.5829318637034,18.46,22.9333333333333
"6",8,21.3908299227401,19.308,24.288
"7",9,18.8274090924564,16.685,21.665
"8",10,15.2118869738131,11.9842857142857,18.1628571428571
"9",11,8.78404623257497,4.78166666666667,12.025
"10",12,6.29010067114094,4.07,7.76
